month,day,dow
January ,1,Saturday
January ,2,Sunday
January,3,Monday
January,4,Tuesday
January,5,Wednesday
January,6,Thursday
January,7,Friday
January,8,Saturday
January,9,Sunday
January,10,Monday
January,11,Tuesday
January,12,Wednesday
January,13,Thursday
January,14,Friday
January,15,Saturday
January,16,Sunday
January,17,Monday
January,18,Tuesday
January,19,Wednesday
January,20,Thursday
January,21,Friday
January,22,Saturday
January,23,Sunday
January,24,Monday
January,25,Tuesday
January,26,Wednesday
January,27,Thursday
January,28,Friday
January,29,Saturday
January,30,Sunday
January,31,Monday
February,1,Tuesday
February,2,Wednesday
February,3,Thursday
February,4,Friday
February,5,Saturday
February,6,Sunday
February,7,Monday
February,8,Tuesday
February,9,Wednesday
February,10,Thursday
February,11,Friday
February,12,Saturday
February,13,Sunday
February,14,Monday
February,15,Tuesday
February,16,Wednesday
February,17,Thursday
February,18,Friday
February,19,Saturday
February,20,Sunday
February,21,Monday
February,22,Tuesday
February,23,Wednesday
February,24,Thursday
February,25,Friday
February,26,Saturday
February,27,Sunday
February,28,Monday
March ,1,Tuesday
March ,2,Wednesday
March,3,Thursday
March,4,Friday
March,5,Saturday
March,6,Sunday
March,7,Monday
March,8,Tuesday
March,9,Wednesday
March,10,Thursday
March,11,Friday
March,12,Saturday
March,13,Sunday
March,14,Monday
March,15,Tuesday
March,16,Wednesday
March,17,Thursday
March,18,Friday
March,19,Saturday
March,20,Sunday
March,21,Monday
March,22,Tuesday
March,23,Wednesday
March,24,Thursday
March,25,Friday
March,26,Saturday
March,27,Sunday
March,28,Monday
March,29,Tuesday
March,30,Wednesday
March,31,Thursday
April,1,Friday
April,2,Saturday
April,3,Sunday
April,4,Monday
April,5,Tuesday
April,6,Wednesday
April,7,Thursday
April,8,Friday
April,9,Saturday
April,10,Sunday
April,11,Monday
April,12,Tuesday
April,13,Wednesday
April,14,Thursday
April,15,Friday
April,16,Saturday
April,17,Sunday
April,18,Monday
April,19,Tuesday
April,20,Wednesday
April,21,Thursday
April,22,Friday
April,23,Saturday
April,24,Sunday
April,25,Monday
April,26,Tuesday
April,27,Wednesday
April,28,Thursday
April,29,Friday
April,30,Saturday
May,1,Sunday
May,2,Monday
May,3,Tuesday
May,4,Wednesday
May,5,Thursday
May,6,Friday
May,7,Saturday
May,8,Sunday
May,9,Monday
May,10,Tuesday
May,11,Wednesday
May,12,Thursday
May,13,Friday
May,14,Saturday
May,15,Sunday
May,16,Monday
May,17,Tuesday
May,18,Wednesday
May,19,Thursday
May,20,Friday
May,21,Saturday
May,22,Sunday
May,23,Monday
May,24,Tuesday
May,25,Wednesday
May,26,Thursday
May,27,Friday
May,28,Saturday
May,29,Sunday
May,30,Monday
May,31,Tuesday
June,1,Wednesday
June,2,Thursday
June,3,Friday
June,4,Saturday
June,5,Sunday
June,6,Monday
June,7,Tuesday
June,8,Wednesday
June,9,Thursday
June,10,Friday
June,11,Saturday
June,12,Sunday
June,13,Monday
June,14,Tuesday
June,15,Wednesday
June,16,Thursday
June,17,Friday
June,18,Saturday
June,19,Sunday
June,20,Monday
June,21,Tuesday
June,22,Wednesday
June,23,Thursday
June,24,Friday
June,25,Saturday
June,26,Sunday
June,27,Monday
June,28,Tuesday
June,29,Wednesday
June,30,Thursday
July,1,Friday
July,2,Saturday
July,3,Sunday
July,4,Monday
July,5,Tuesday
July,6,Wednesday
July,7,Thursday
July,8,Friday
July,9,Saturday
July,10,Sunday
July,11,Monday
July,12,Tuesday
July,13,Wednesday
July,14,Thursday
July,15,Friday
July,16,Saturday
July,17,Sunday
July,18,Monday
July,19,Tuesday
July,20,Wednesday
July,21,Thursday
July,22,Friday
July,23,Saturday
July,24,Sunday
July,25,Monday
July,26,Tuesday
July,27,Wednesday
July,28,Thursday
July,29,Friday
July,30,Saturday
July,31,Sunday
August ,1,Monday
August ,2,Tuesday
August,3,Wednesday
August,4,Thursday
August,5,Friday
August,6,Saturday
August,7,Sunday
August,8,Monday
August,9,Tuesday
August,10,Wednesday
August,11,Thursday
August,12,Friday
August,13,Saturday
August,14,Sunday
August,15,Monday
August,16,Tuesday
August,17,Wednesday
August,18,Thursday
August,19,Friday
August,20,Saturday
August,21,Sunday
August,22,Monday
August,23,Tuesday
August,24,Wednesday
August,25,Thursday
August,26,Friday
August,27,Saturday
August,28,Sunday
August,29,Monday
August,30,Tuesday
August,31,Wednesday
September,1,Thursday
September,2,Friday
September,3,Saturday
September,4,Sunday
September,5,Monday
September,6,Tuesday
September,7,Wednesday
September,8,Thursday
September,9,Friday
September,10,Saturday
September,11,Sunday
September,12,Monday
September,13,Tuesday
September,14,Wednesday
September,15,Thursday
September,16,Friday
September,17,Saturday
September,18,Sunday
September,19,Monday
September,20,Tuesday
September,21,Wednesday
September,22,Thursday
September,23,Friday
September,24,Saturday
September,25,Sunday
September,26,Monday
September,27,Tuesday
September,28,Wednesday
September,29,Thursday
September,30,Friday
October,1,Saturday
October,2,Sunday
October,3,Monday
October,4,Tuesday
October,5,Wednesday
October,6,Thursday
October,7,Friday
October,8,Saturday
October,9,Sunday
October,10,Monday
October,11,Tuesday
October,12,Wednesday
October,13,Thursday
October,14,Friday
October,15,Saturday
October,16,Sunday
October,17,Monday
October,18,Tuesday
October,19,Wednesday
October,20,Thursday
October,21,Friday
October,22,Saturday
October,23,Sunday
October,24,Monday
October,25,Tuesday
October,26,Wednesday
October,27,Thursday
October,28,Friday
October,29,Saturday
October,30,Sunday
October,31,Monday
November,1,Tuesday
November,2,Wednesday
November,3,Thursday
November,4,Friday
November,5,Saturday
November,6,Sunday
November,7,Monday
November,8,Tuesday
November,9,Wednesday
November,10,Thursday
November,11,Friday
November,12,Saturday
November,13,Sunday
November,14,Monday
November,15,Tuesday
November,16,Wednesday
November,17,Thursday
November,18,Friday
November,19,Saturday
November,20,Sunday
November,21,Monday
November,22,Tuesday
November,23,Wednesday
November,24,Thursday
November,25,Friday
November,26,Saturday
November,27,Sunday
November,28,Monday
November,29,Tuesday
November,30,Wednesday
December,1,Thursday
December,2,Wednesday
December,3,Tuesday
December,4,Monday
December,5,Sunday
December,6,Saturday
December,7,Friday
December,8,Thursday
December,9,Wednesday
December,10,Tuesday
December,11,Monday
December,12,Sunday
December,13,Saturday
December,14,Friday
December,15,Thursday
December,16,Wednesday
December,17,Tuesday
December,18,Monday
December,19,Sunday
December,20,Saturday
December,21,Friday
December,22,Thursday
December,23,Wednesday
December,24,Tuesday
December,25,Monday
December,26,Sunday
December,27,Saturday
December,28,Friday
December,29,Thursday
December,30,Friday
December,31,Saturday